{
  "X2": 7.493591116857715,
  "X3": 13.59777393238619,
  "X4": 17.67805685661733,
  "X5": 35.97946987301111
}